Name,Twitter,Facebook,Website
11th Hour Remnant Messenger,,,
AC Skins,,,
ATLAH World Missionary Church (All The Land Anointed Holy),,,
Abiding Truth Ministries,,,
Advanced White Society,,,
Aggressive Christianity,,,
All Eyes on Egypt Bookstore,,,
Alliance for Catholic Tradition,,,
Alternative Right,,,
America's Promise Ministries,,,
American Border Patrol,,,
American College of Pediatricians,,,
American Defence League,,,
American Family Association,,,
American Free Press,,,
American Freedom Defense Initiative,,,
American Freedom Party,,,
American Front,,,
American Immigration Control Foundation/Americans for Immigration Control,,,
American Nationalist Association,,,
American Nationalist Union,,,
American Nazi Party,,,
American Renaissance/New Century Foundation,,,
American Vikings,,,
American Vision,,,
Americans Have Had Enough,,,
Americans for Legal Immigration (ALIPAC),,,
Americans for Truth About Homosexuality,,,
Artisan Publishers,,,
Aryan Nations Knights of the Ku Klux Klan,,,
Aryan Strikeforce,,,
Aryan Terror Brigade,,,
Aryan Wear,,,
As-Sabiqun,,,
Atlas Shrugs,,,
Bare Naked Islam,,,
Barnes Review/Foundation for Economic Liberty Inc.,,,
Battalion 14,,,
Bill Keller Ministries,,,
Black Riders Liberation Party,,,
Blood and Honour U.S.A.,,,
Bob's Underground Graduate Seminar/BUGS,,,
California Coalition for Immigration Reform,,,
Campaign for Radical Truth in History,,,
Casa D'Ice Signs,,,
Castle Hill Publishers,,,
Catholic Action Resource Center,,,
Catholic Counterpoint,,,
Catholic Family News/Catholic Family Ministries Inc.,,,
Catholic Family and Human Rights Institute (C-FAM),,,
Cen_ter for the Advance_ment of Occi_den_tal Cul_ture (CAOC),,,
Chalcedon Foundation,,,
Chick Publications,,,
Christ or Chaos,,,
Christ the King Church,,,
Christian Action Network,,,
Christian Anti-Defamation Commission,,,
Christian Defense League,,,
Christian Guardians,,,
Christian Revival Center,,,
Church of the Sons of Yhvh,,,
Citizen Warrior,,,
Citizens for National Security,,,
Committee for Open Debate on the Holocaust,,,
Concerned Citizens and Friends of Illegal Immigration Law Enforcement,,,
Confederate Hammerskins,,,
Confederate Patriot Voters United,,,
Conservative Citizens Foundation Inc,,,
Council for Social and Economic Studies,,,
Council of Conservative Citizens,,,
Counter Jihadist Coalition of Southern California,,,
Counter-Currents Publishing,,,
Covenant People's Ministry,,,
Creativity Alliance,,,
Creativity Movement,,,
Crew 38,,,
Cultural Studies Press,,,
Culture Wars/Fidelity Press,,,
Desastrious Records,,,
Die Auserwahlten,,,
Divine International Church of the Web,,,
Dixie Republic,,,
Dove World Outreach Center,,,
Eastern Hammerskins,,,
Ecclesiastical Council for the Restoration of Covenant Israel (ECRCI),,,
European American Action Coalition,,,
European American Front,,,
European-American Evangelistic Crusades,,,
Faith Baptist Church and Ministry,,,
Faith Freedom,,,
Faith and Heritage,,,
Faithful Word Baptist Church,,,
Family Research Council,,,
Family Research Institute,,,
Family Watch International,,,
Federation for American Immigration Reform,,,
Fellowship of God's Covenant People,,,
Fitzgerald Griffin Foundation,,,
Florida Family Association,,,
Forssaken Motorcycle Club,,,
Fraternal Order of the Cross,,,
Free America Rally,,,
Free American,,,
Free Edgar Steele,,,
Fundamentalist Latter Day Saints,,,
Gallows Tree Wotansvolk Alliance,,,
Geauga Constitutional Council,,,
Generations With Vision,,,
Get Some 88,,,
Golden Dawn,,,
Golden State Solidarity,,,
H.L. Mencken Club,,,
Heathens Motorcycle Club,,,
Heritage Connection,,,
Heritage and Destiny,,,
Heterosexuals Organized for a Moral Environment (H.O.M.E.),,,
Holy Nation of Odin,,,
Holy Order Ministry,,,
IHM Media,,,
IHS Press,,,
ISD Records,,,
Illinois Family Institute,,,
Imperial Klans of America Knights of the Ku Klux Klan,,,
In the Spirit of Chartres Committee,,,
Inconvenient History,,,
Insight USA,,,
Institute for Historical Review,,,
International Conspiratological Association,,,
International Fatima Rosary Crusade/ Fatima Crusader,,,
International Keystone Knights of the Ku Klux Klan,,,
Invictus Books,,,
Irving Books,,,
Islam: Making a True Difference in the World -- One Body at a Time,,,
Islam: the Religion of Peace (and a big stack of dead bodies),,,
Israelite Church of God In Jesus Christ,,,
Jamaat al-Muslimeen,,,
Jewish Political Action Committee,,,
Jewish Task Force,,,
Jihad Watch,,,
KKKRadio,,,
Keystone State Skinheads,,,
Kingdom Identity Ministries,,,
Kingdom Treasure Ministries,,,
Kinist Institute,,,
Kinsman Redeemer Ministries,,,
Knights Party Veterans League,,,
Knights of the Ku Klux Klan,,,
Ku Klos Knights of the Ku Klux Klan,,,
Label 56,,,
League of the South,,,
League of the South/Southern Culture Center,,,
Liberty Counsel,,,
Loyal White Knights of the Ku Klux Klan,,,
MSR Productions,,,
Malevolent Freedom,,,
Mary Noel Kershaw Foundation,,,
Maryland National Socialist Party,,,
Maryland State Skinheads,,,
Masjid al Islam,,,
Mass Resistance,,,
Micetrap Distribution,,,
Midland Hammerskins,,,
Mission to Israel,,,
Mission: America,,,
Mississippi White Knights of the Ku Klux Klan,,,
Most Holy Family Monastery,,,
NS Publications,,,
NSM88 Records,,,
Nation of Islam,,,
National Alliance,,,
National Alliance Reform and Restoration Group,,,
National Association for the Advancement of America,,,
National Policy Institute,,,
National Prayer Network,,,
National Socialist Freedom Movement,,,
National Socialist German Workers Party,,,
National Socialist Movement,,,
National Youth Front,,,
Nationalist Coalition,,,
Nationalist Movement,,,
New Black Panther Party,,,
New Century Productions - A Conversation About Race,,,
New Order,,,
New Yorkers for Immigration Control and Enforcement (NYICE),,,
Non-Universal Teaching Ministries,,,
Noontide Press,,,
Northern Hammerskins,,,
Northwest Front,,,
Northwest Hammerskins,,,
OMNI Christian Book Club,,,
Occidental Dissent,,,
Occidental Quarterly/Charles Martel Society,,,
Official Street Preachers,,,
Old Glory Skinheads,,,
Orange County Skins,,,
Original Knight Riders Knights of the Ku Klux Klan,,,
Original Knight Riders Knights of the Ku Klux Klan (W. Va.),,,
Our Place Fellowship,,,
Ozark Craft LC,,,
Pace Confederate Depot,,,
Pacific Justice Institute,,,
Pacifica Forum,,,
Parents Action League,,,
Pass the Salt Ministries,,,
Patriotic Flags,,,
Pilgrims Covenant Church,,,
Pioneer Fund,,,
Pioneer Little Europe Kalispell Montana,,,
Poker Face,,,
Political Cesspool,,,
Political Islam,,,
Power of Prophecy,,,
ProEnglish,,,
Probe Ministries,,,
Protestant White Nationalist Party of Kentucky/Uncreated Light,,,
Providence Road Baptist Church,,,
Public Advocate of the United States,,,
Racial Nationalist Party of America,,,
Radio Jihad,,,
Radix Journal,,,
Red October,,,
Reformation-Bible Puritan-Baptist Church,,,
Robert Sungenis,,,
Rocky Mountain Knights of the Ku Klux Klan,,,
Ruth Institute,,,
Sacto Skinheads,,,
Sadistic Souls Motorcycle Club,,,
Sadistic Souls Skinheads,,,
Samanta Roy Institute of Science and Technology,,,
Save California,,,
Scott-Townsend Publishers,,,
Scriptures for America Ministries,,,
Sharia Awareness Action Network,,,
Sharkhunters International,,,
Silver Bullet Gun Oil,,,
Slaves of the Immaculate Heart of Mary,,,
Social Contract Press,,,
Society for the Practical Establishment and Perpetuation of the Ten Commandments,,,
Soldiers Of the Cross Training Institute,,,
Sons of Aesir Motorcycle Club,,,
Sons of Thundr (Faith Baptist Church),,,
South Africa Project,,,
Southern Mountain Knights of the Ku Klux Klan,,,
Southern National Congress,,,
Southern Nationalist Network,,,
Southern Patriot Shoppe,,,
St. Michael's Parish/Mount St. Michael,,,
Stahlhelm Records,,,
Stedfast Baptist Church,,,
Stop the Islamization of America (SIOA),,,
Stop the Islamization of Nations (SION),,,
Stormfront,,,
Sultan Knish a blog by Daniel Greenfield,,,
Supreme White Alliance,,,
TC Family (Traverse City Family),,,
Tea Party Nation,,,
Tennessee Freedom Coalition,,,
Texas Knights of the Ku Klux Klan,,,
The Brother Nathanael Foundation,,,
The Church at Kaweah,,,
The Daily Stormer,,,
The Dakota Voice,,,
The Hated,,,
The Israelite Church of God in Jesus Christ,,,
The Pray in Jesus Name Project,,,
The Remnant Press,,,
The United West,,,
The White Network,,,
The White Voice,,,
Third Reich Books,,,
Thomas Robb Ministries,,,
Tightrope,,,
Tom Brown Ministries,,,
Tony Alamo Christian Ministries,,,
Tradition in Action,,,
Traditional Rebel Knights of the Ku Klux Klan,,,
Traditional Values Coalition,,,
Traditionalist American Knights of the Ku Klux Klan,,,
Traditionalist Youth Network at Arizona,,,
Traditionalist Youth Network at Indiana University,,,
Trinity White Knights of the Ku Klux Klan,,,
True Invisible Empire Knights,,,
True Invisible Empire Traditionalist American Knights of the Ku Klux Klan,,,
True Light Pentecost Church,,,
Truth At Last,,,
Truth In Action Ministries,,,
US Border Guard,,,
United Dixie White Knights Ku Klux Klan,,,
United Families International,,,
United Klans of America,,,
United Northern and Southern Knights of the Ku Klux Klan,,,
United Society of Aryan Skinheads,,,
United States Defense League,,,
VDARE Foundation,,,
Vinlanders,,,
Virginia Publishing Company,,,
WTM Enterprises,,,
War On The Horizon,,,
Washington Summit Publishers,,,
Watchmen Bible Study Group,,,
Weisman Publications,,,
Westboro Baptist Church,,,
Western Hammerskins,,,
Whitakeronline,,,
White Advocacy Movement,,,
White Aryan Resistance,,,
White Boy Society,,,
White Man's March,,,
White Pride Home School Resource Center,,,
White Rabbit Radio,,,
Windsor Hills Baptist Church,,,
World Congress of Families/Howard Center for Family Religion and Society,,,
World View Foundations,,,
Yahweh's Truth,,,
You Can Run But You Cannot Hide,,,
a2z Publications,,,
carolynyeager.net,,,
